gender,race_ethnicity,parental_level_of_education,lunch,test_preparation_course,reading_score,writing_score,math_score
0.0,1.0,1.0,1.0,1.0,0.1684060158267006,0.37424097932461403,72
0.0,2.0,4.0,1.0,0.0,1.4532333798172805,1.3385668411014502,69
0.0,1.0,3.0,1.0,1.0,1.810129869814664,1.6829689345931773,90
1.0,0.0,0.0,0.0,1.0,-0.9022834541654494,-1.692171581625749,47
1.0,2.0,4.0,1.0,1.0,0.5966818038235606,0.44312139802295947,76
0.0,1.0,0.0,1.0,1.0,0.953578293820944,0.6497626541179957,71
0.0,1.0,4.0,1.0,0.0,1.810129869814664,1.6140885158948317,88
1.0,1.0,4.0,0.0,1.0,-1.9015936261581228,-2.036573675117476,40
1.0,3.0,2.0,0.0,0.0,-0.40262836816911274,-0.10792195156380398,64
0.0,1.0,2.0,0.0,1.0,-0.6881455601670194,-1.2788890694356763,38
1.0,2.0,0.0,1.0,1.0,-1.1164213481638794,-1.1411282320389855,58
1.0,3.0,0.0,1.0,1.0,-1.2591799441628326,-1.7610520003240944,40
0.0,1.0,2.0,1.0,1.0,0.8108196978219906,0.3053605606262686,65
1.0,0.0,4.0,1.0,0.0,0.1684060158267006,0.09871930453123232,78
0.0,0.0,3.0,1.0,1.0,-1.1878006461633561,-0.7278457198489129,50
0.0,2.0,5.0,1.0,1.0,0.3825439098251306,0.6497626541179957,69
1.0,2.0,2.0,1.0,1.0,1.381854081817804,1.2008060037047592,88
1.0,2.0,3.0,0.0,0.0,-1.9729729241575993,-1.554410744229058,46
0.0,2.0,0.0,0.0,1.0,-0.8309041561659728,-0.5212044637538765,54
1.0,3.0,2.0,1.0,1.0,-0.04573187817172942,-0.3834436263571857,66
0.0,1.0,4.0,0.0,0.0,0.3825439098251306,0.09871930453123232,65
1.0,3.0,4.0,1.0,1.0,-1.1164213481638794,-1.0722478133406401,44
0.0,2.0,5.0,1.0,1.0,0.23978531382617724,0.3053605606262686,69
1.0,3.0,1.0,0.0,0.0,0.09702671782722391,0.7875234915146866,74
1.0,0.0,3.0,0.0,1.0,0.3111646118256539,0.23648014192792316,73
1.0,1.0,4.0,1.0,1.0,-1.1164213481638794,-0.9344869759439491,69
0.0,2.0,1.0,1.0,1.0,-0.04573187817172942,0.44312139802295947,67
1.0,2.0,2.0,1.0,1.0,0.025647419827747247,-0.24568278896049484,70
0.0,3.0,3.0,1.0,1.0,0.025647419827747247,0.44312139802295947,62
0.0,3.0,4.0,1.0,1.0,0.3111646118256539,0.37424097932461403,69
0.0,1.0,4.0,1.0,1.0,-0.33124907016963606,-0.5212044637538765,63
0.0,4.0,3.0,0.0,1.0,0.1684060158267006,-0.24568278896049484,56
1.0,3.0,4.0,1.0,1.0,-1.9729729241575993,-2.1054540938158217,40
1.0,4.0,4.0,1.0,1.0,1.2390954858188505,0.9252843289113775,97
1.0,4.0,0.0,1.0,0.0,0.8108196978219906,0.7186430728163412,81
0.0,3.0,0.0,1.0,1.0,0.8108196978219906,0.994164747609723,74
0.0,3.0,5.0,0.0,1.0,-0.40262836816911274,-0.6589653011505674,50
0.0,3.0,0.0,0.0,0.0,1.4532333798172805,1.3385668411014502,75
1.0,1.0,0.0,0.0,1.0,-0.973662752164926,-0.7967261385472583,57
1.0,2.0,0.0,0.0,1.0,-0.6167662621675427,-1.0033673946422945,55
0.0,2.0,0.0,1.0,1.0,0.23978531382617724,-0.039041532865458556,58
0.0,1.0,0.0,1.0,1.0,-0.8309041561659728,-0.24568278896049484,53
1.0,1.0,4.0,0.0,0.0,-0.33124907016963606,-0.17680237026214943,59
0.0,4.0,0.0,0.0,1.0,-0.973662752164926,-1.0033673946422945,50
1.0,1.0,0.0,1.0,1.0,-1.1164213481638794,-0.7967261385472583,65
0.0,0.0,0.0,1.0,0.0,-0.33124907016963606,-0.45232404505553114,55
0.0,2.0,2.0,1.0,1.0,0.09702671782722391,0.5120018167213048,66
0.0,3.0,0.0,0.0,0.0,0.3111646118256539,0.5120018167213048,57
1.0,2.0,2.0,1.0,0.0,1.0249575918204206,0.9252843289113775,82
1.0,4.0,4.0,1.0,1.0,-1.0450420501644027,-1.4166499068323672,53
1.0,4.0,0.0,0.0,0.0,-0.04573187817172942,-0.039041532865458556,77
1.0,2.0,4.0,1.0,1.0,-1.830214328158646,-1.8299324190224397,53
1.0,3.0,2.0,1.0,1.0,0.5966818038235606,0.44312139802295947,88
0.0,2.0,5.0,0.0,0.0,1.0249575918204206,1.2696864224031046,71
0.0,2.0,2.0,0.0,1.0,-2.0443522221570762,-1.7610520003240944,33
0.0,4.0,0.0,1.0,0.0,1.0963368898198973,1.2008060037047592,82
1.0,3.0,0.0,1.0,1.0,-1.0450420501644027,-1.3477694881340216,52
1.0,3.0,4.0,1.0,0.0,-0.7595248581664961,-0.7278457198489129,58
1.0,4.0,1.0,0.0,0.0,0.3111646118256539,0.23648014192792316,79
1.0,0.0,5.0,0.0,1.0,-2.1871108181560293,-2.3809757686092032,39
1.0,0.0,0.0,0.0,1.0,-0.6167662621675427,-0.9344869759439491,62
0.0,2.0,0.0,1.0,1.0,0.7394403998225139,0.16759972322957775,69
0.0,3.0,5.0,1.0,1.0,-0.8309041561659728,-0.6589653011505674,59
1.0,1.0,5.0,1.0,1.0,-0.40262836816911274,-0.5212044637538765,67
1.0,3.0,5.0,0.0,1.0,-2.3298694141549827,-2.174334512514167,45
0.0,2.0,4.0,1.0,1.0,0.1684060158267006,0.37424097932461403,60
1.0,1.0,0.0,0.0,1.0,-0.8309041561659728,-0.8656065572456038,61
0.0,2.0,0.0,1.0,1.0,-0.40262836816911274,-0.7967261385472583,39
0.0,3.0,4.0,0.0,0.0,-0.4740076661685894,0.3053605606262686,58
1.0,3.0,4.0,1.0,0.0,-1.0450420501644027,-0.3834436263571857,63
0.0,0.0,0.0,0.0,1.0,-1.3305592421623094,-1.4166499068323672,41
1.0,2.0,5.0,0.0,1.0,-0.9022834541654494,-0.8656065572456038,61
1.0,2.0,5.0,1.0,1.0,-1.4733178381612628,-1.8988128377207851,49
1.0,1.0,0.0,0.0,1.0,-2.0443522221570762,-2.1054540938158217,44
1.0,0.0,1.0,1.0,0.0,0.5966818038235606,0.8564039102130321,80
0.0,3.0,5.0,1.0,0.0,0.3111646118256539,0.23648014192792316,61
0.0,4.0,3.0,1.0,1.0,-0.11711117617120609,-0.039041532865458556,62
0.0,1.0,0.0,1.0,1.0,-1.4733178381612628,-1.2788890694356763,47
1.0,1.0,2.0,0.0,1.0,-1.7588350301591693,-1.6232911629274034,49
1.0,0.0,4.0,0.0,0.0,-1.616076434160216,-1.0033673946422945,50
1.0,4.0,0.0,1.0,1.0,-0.40262836816911274,-0.3834436263571857,72
1.0,3.0,2.0,0.0,1.0,-2.1871108181560293,-2.3809757686092032,42
0.0,2.0,4.0,1.0,1.0,0.7394403998225139,0.9252843289113775,73
0.0,2.0,4.0,0.0,1.0,0.953578293820944,1.3385668411014502,76
0.0,3.0,0.0,1.0,1.0,0.09702671782722391,0.37424097932461403,71
0.0,0.0,4.0,1.0,1.0,0.025647419827747247,-0.10792195156380398,58
0.0,3.0,5.0,1.0,1.0,1.1677161878193738,0.9252843289113775,73
0.0,2.0,1.0,1.0,1.0,0.1684060158267006,0.37424097932461403,65
1.0,2.0,2.0,0.0,1.0,-2.5440073081534127,-2.2432149312125125,27
1.0,2.0,2.0,1.0,1.0,0.6680611018230372,0.16759972322957775,71
1.0,2.0,0.0,0.0,0.0,-1.7588350301591693,-1.2788890694356763,43
0.0,1.0,4.0,1.0,1.0,1.1677161878193738,1.6140885158948317,79
1.0,2.0,0.0,0.0,0.0,0.8108196978219906,0.9252843289113775,78
1.0,1.0,5.0,1.0,0.0,-0.25986977217015944,-0.45232404505553114,65
0.0,4.0,4.0,1.0,0.0,0.1684060158267006,0.09871930453123232,63
0.0,3.0,4.0,0.0,1.0,-0.18849047417068274,-0.45232404505553114,58
0.0,3.0,1.0,1.0,1.0,-0.18849047417068274,-0.45232404505553114,65
1.0,1.0,4.0,1.0,1.0,-0.18849047417068274,-0.10792195156380398,79
1.0,3.0,1.0,1.0,0.0,0.3111646118256539,0.37424097932461403,68
0.0,3.0,0.0,1.0,1.0,1.5246126778167572,1.4074472597997956,85
1.0,1.0,2.0,1.0,0.0,-1.830214328158646,-1.4855303255307126,60
1.0,2.0,4.0,1.0,0.0,1.1677161878193738,1.476327678498141,98
0.0,2.0,4.0,1.0,1.0,-0.18849047417068274,0.23648014192792316,58
0.0,3.0,3.0,1.0,1.0,2.167026359812047,2.1651318654815954,87
1.0,4.0,0.0,1.0,0.0,-0.4740076661685894,-0.31456320765884027,66
0.0,1.0,0.0,0.0,1.0,0.45392320782460727,0.09871930453123232,52
0.0,1.0,5.0,1.0,1.0,-0.40262836816911274,0.23648014192792316,70
0.0,3.0,0.0,0.0,0.0,1.381854081817804,2.027371028084904,77
1.0,2.0,2.0,1.0,1.0,-1.0450420501644027,-1.3477694881340216,62
1.0,0.0,0.0,1.0,1.0,-1.1878006461633561,-1.4855303255307126,54
0.0,3.0,4.0,1.0,1.0,-0.8309041561659728,-1.0033673946422945,51
0.0,4.0,1.0,1.0,0.0,2.167026359812047,2.1651318654815954,99
1.0,2.0,2.0,1.0,1.0,0.5253025058240839,0.37424097932461403,84
0.0,1.0,1.0,0.0,1.0,1.0963368898198973,0.9252843289113775,75
0.0,3.0,1.0,1.0,1.0,0.8821989958214672,0.7186430728163412,78
0.0,3.0,5.0,1.0,1.0,-0.4740076661685894,-0.5212044637538765,51
0.0,2.0,4.0,1.0,1.0,-0.04573187817172942,-0.24568278896049484,55
0.0,2.0,1.0,1.0,0.0,1.595991975816234,1.4074472597997956,79
1.0,1.0,0.0,1.0,0.0,1.381854081817804,1.6140885158948317,91
0.0,2.0,4.0,1.0,0.0,1.6673712738157105,1.6829689345931773,88
1.0,3.0,2.0,0.0,1.0,-0.9022834541654494,-0.8656065572456038,63
1.0,4.0,4.0,1.0,1.0,0.7394403998225139,0.3053605606262686,83
0.0,1.0,2.0,1.0,1.0,1.810129869814664,1.2008060037047592,87
1.0,1.0,5.0,1.0,1.0,-0.11711117617120609,-0.10792195156380398,72
1.0,3.0,4.0,1.0,0.0,0.5253025058240839,0.37424097932461403,65
1.0,3.0,3.0,1.0,1.0,0.8821989958214672,0.37424097932461403,82
0.0,0.0,1.0,1.0,1.0,-1.4733178381612628,-1.2100086507373309,51
1.0,3.0,3.0,1.0,1.0,1.0249575918204206,0.9252843289113775,89
1.0,2.0,5.0,0.0,0.0,-2.3298694141549827,-1.9676932564191307,53
1.0,4.0,4.0,0.0,0.0,0.3111646118256539,0.09871930453123232,87
0.0,2.0,4.0,1.0,0.0,0.8108196978219906,1.0630451663080684,75
1.0,3.0,1.0,0.0,0.0,0.6680611018230372,0.44312139802295947,74
1.0,2.0,1.0,1.0,1.0,-1.0450420501644027,-1.4166499068323672,58
1.0,1.0,5.0,1.0,0.0,-1.1164213481638794,-1.8988128377207851,51
1.0,4.0,2.0,1.0,1.0,-1.0450420501644027,-0.8656065572456038,70
0.0,2.0,0.0,1.0,1.0,-0.25986977217015944,-0.10792195156380398,59
1.0,3.0,4.0,1.0,0.0,-0.6167662621675427,0.02983888583288688,71
0.0,3.0,5.0,1.0,1.0,0.1684060158267006,0.16759972322957775,76
0.0,2.0,4.0,0.0,1.0,-0.5453869641680661,-0.31456320765884027,59
0.0,4.0,4.0,0.0,0.0,-1.0450420501644027,-1.0033673946422945,42
1.0,0.0,2.0,1.0,1.0,-1.9015936261581228,-1.4855303255307126,57
1.0,3.0,4.0,1.0,1.0,0.23978531382617724,0.6497626541179957,88
1.0,1.0,5.0,1.0,1.0,1.0249575918204206,0.44312139802295947,88
1.0,2.0,0.0,0.0,1.0,-0.11711117617120609,-0.17680237026214943,73
0.0,3.0,1.0,1.0,0.0,0.3825439098251306,0.8564039102130321,68
1.0,4.0,0.0,0.0,0.0,2.167026359812047,1.6829689345931773,100
1.0,0.0,5.0,1.0,0.0,-0.18849047417068274,0.02983888583288688,62
1.0,0.0,1.0,1.0,1.0,-0.18849047417068274,-0.039041532865458556,77
0.0,1.0,0.0,1.0,0.0,0.025647419827747247,-0.17680237026214943,59
1.0,3.0,1.0,1.0,1.0,-1.4733178381612628,-1.4855303255307126,54
1.0,3.0,5.0,1.0,1.0,-0.18849047417068274,-0.5212044637538765,62
0.0,2.0,4.0,1.0,0.0,1.381854081817804,1.3385668411014502,70
0.0,4.0,2.0,0.0,0.0,0.3111646118256539,0.6497626541179957,66
1.0,1.0,4.0,0.0,1.0,-0.6881455601670194,-0.590084882452222,60
0.0,1.0,0.0,1.0,0.0,1.1677161878193738,1.2696864224031046,61
1.0,3.0,0.0,0.0,1.0,-0.5453869641680661,-0.31456320765884027,66
1.0,1.0,0.0,0.0,0.0,0.5966818038235606,0.37424097932461403,82
0.0,4.0,4.0,0.0,0.0,1.3104747838183273,1.1319255850064138,75
1.0,1.0,3.0,0.0,1.0,-1.1878006461633561,-1.1411282320389855,49
1.0,2.0,2.0,1.0,1.0,-1.1878006461633561,-1.3477694881340216,52
0.0,4.0,3.0,1.0,1.0,1.595991975816234,1.5452080971964863,81
0.0,2.0,1.0,1.0,0.0,2.167026359812047,2.1651318654815954,96
1.0,2.0,2.0,0.0,0.0,-1.3305592421623094,-1.2100086507373309,53
0.0,1.0,3.0,0.0,0.0,0.45392320782460727,0.6497626541179957,58
0.0,1.0,2.0,1.0,0.0,0.953578293820944,0.6497626541179957,68
0.0,2.0,4.0,0.0,0.0,0.3825439098251306,0.09871930453123232,67
1.0,0.0,2.0,1.0,0.0,0.23978531382617724,0.37424097932461403,72
1.0,4.0,5.0,1.0,1.0,1.3104747838183273,0.6497626541179957,94
0.0,3.0,4.0,1.0,1.0,1.1677161878193738,0.8564039102130321,79
0.0,2.0,0.0,1.0,1.0,-0.18849047417068274,0.09871930453123232,63
0.0,2.0,1.0,0.0,0.0,-1.3305592421623094,-1.0033673946422945,43
0.0,2.0,3.0,1.0,0.0,1.5246126778167572,1.2696864224031046,81
0.0,1.0,2.0,0.0,0.0,-1.1164213481638794,-0.7278457198489129,46
0.0,2.0,0.0,1.0,0.0,0.5253025058240839,0.5808822354196503,71
0.0,1.0,3.0,0.0,0.0,0.025647419827747247,-0.45232404505553114,52
0.0,3.0,5.0,1.0,0.0,2.167026359812047,2.1651318654815954,97
1.0,2.0,3.0,0.0,0.0,-0.11711117617120609,0.44312139802295947,62
0.0,2.0,4.0,0.0,1.0,-0.40262836816911274,-0.17680237026214943,46
0.0,4.0,2.0,1.0,1.0,-1.401938540161786,-1.4855303255307126,50
0.0,3.0,0.0,1.0,1.0,-0.04573187817172942,0.09871930453123232,65
1.0,2.0,5.0,0.0,0.0,-1.2591799441628326,-1.3477694881340216,45
1.0,2.0,0.0,0.0,0.0,-0.18849047417068274,-0.24568278896049484,65
1.0,4.0,2.0,1.0,1.0,0.45392320782460727,-0.24568278896049484,80
1.0,3.0,5.0,1.0,0.0,-0.25986977217015944,-0.039041532865458556,62
1.0,1.0,5.0,0.0,1.0,-1.2591799441628326,-1.6232911629274034,48
0.0,2.0,1.0,1.0,1.0,1.3104747838183273,1.2696864224031046,77
0.0,4.0,0.0,1.0,1.0,-0.33124907016963606,0.02983888583288688,66
1.0,3.0,4.0,1.0,0.0,0.953578293820944,0.7186430728163412,76
0.0,1.0,5.0,1.0,1.0,-0.40262836816911274,-0.17680237026214943,62
1.0,3.0,4.0,1.0,0.0,-0.5453869641680661,-0.45232404505553114,77
0.0,2.0,3.0,1.0,0.0,1.0249575918204206,1.1319255850064138,69
1.0,3.0,0.0,1.0,1.0,-1.0450420501644027,-1.1411282320389855,61
1.0,2.0,5.0,0.0,0.0,-0.04573187817172942,-0.24568278896049484,59
1.0,4.0,2.0,0.0,1.0,-0.973662752164926,-1.2100086507373309,55
0.0,1.0,4.0,0.0,1.0,-1.1878006461633561,-0.9344869759439491,45
0.0,1.0,1.0,0.0,1.0,0.6680611018230372,0.5120018167213048,78
0.0,2.0,0.0,1.0,0.0,1.0249575918204206,1.2008060037047592,67
0.0,3.0,4.0,0.0,1.0,0.8108196978219906,0.5808822354196503,65
1.0,2.0,0.0,1.0,1.0,0.5253025058240839,0.02983888583288688,69
0.0,1.0,0.0,1.0,1.0,-0.04573187817172942,-0.039041532865458556,57
1.0,2.0,4.0,1.0,1.0,-2.0443522221570762,-1.8299324190224397,59
1.0,3.0,5.0,1.0,0.0,0.09702671782722391,0.6497626541179957,74
1.0,4.0,1.0,1.0,1.0,-0.5453869641680661,-0.45232404505553114,82
1.0,4.0,2.0,1.0,0.0,0.7394403998225139,0.5120018167213048,81
0.0,1.0,4.0,0.0,1.0,0.8108196978219906,0.5120018167213048,74
0.0,1.0,4.0,0.0,1.0,-0.6167662621675427,-0.17680237026214943,58
1.0,3.0,5.0,0.0,0.0,0.6680611018230372,0.7186430728163412,80
0.0,2.0,2.0,0.0,1.0,-0.5453869641680661,-0.590084882452222,42
1.0,2.0,0.0,0.0,0.0,-1.3305592421623094,-0.8656065572456038,60
1.0,4.0,2.0,1.0,0.0,1.5246126778167572,0.8564039102130321,87
1.0,1.0,5.0,1.0,0.0,0.953578293820944,0.44312139802295947,84
0.0,4.0,0.0,0.0,0.0,1.1677161878193738,1.3385668411014502,83
0.0,2.0,2.0,0.0,1.0,-1.9729729241575993,-2.036573675117476,34
1.0,1.0,2.0,0.0,1.0,0.5253025058240839,0.09871930453123232,66
1.0,1.0,5.0,1.0,0.0,-0.973662752164926,-0.8656065572456038,61
0.0,3.0,2.0,1.0,0.0,-0.11711117617120609,0.37424097932461403,56
1.0,1.0,0.0,1.0,1.0,1.0963368898198973,0.3053605606262686,87
0.0,2.0,5.0,0.0,1.0,-0.33124907016963606,-0.45232404505553114,55
1.0,3.0,5.0,1.0,1.0,0.7394403998225139,0.44312139802295947,86
0.0,1.0,0.0,1.0,0.0,-0.25986977217015944,0.3053605606262686,52
0.0,4.0,3.0,0.0,1.0,-0.973662752164926,-1.0033673946422945,45
0.0,2.0,4.0,1.0,1.0,0.1684060158267006,0.16759972322957775,72
1.0,3.0,2.0,1.0,1.0,-1.401938540161786,-1.0033673946422945,57
1.0,0.0,5.0,0.0,1.0,0.1684060158267006,-0.31456320765884027,68
0.0,2.0,4.0,1.0,0.0,1.810129869814664,1.7518493532915227,88
1.0,3.0,4.0,1.0,1.0,-0.40262836816911274,-0.17680237026214943,76
1.0,2.0,0.0,1.0,1.0,-1.9015936261581228,-1.8299324190224397,46
0.0,1.0,1.0,1.0,1.0,1.1677161878193738,0.994164747609723,67
1.0,4.0,5.0,1.0,1.0,1.2390954858188505,0.6497626541179957,92
1.0,2.0,1.0,1.0,0.0,0.8821989958214672,1.0630451663080684,83
1.0,3.0,0.0,1.0,1.0,0.3825439098251306,0.5808822354196503,80
1.0,3.0,1.0,0.0,1.0,-0.25986977217015944,-0.10792195156380398,63
0.0,3.0,5.0,1.0,0.0,-0.6881455601670194,0.37424097932461403,64
1.0,1.0,4.0,1.0,1.0,-1.2591799441628326,-1.2100086507373309,54
1.0,2.0,0.0,1.0,1.0,0.7394403998225139,0.7875234915146866,84
1.0,3.0,2.0,0.0,0.0,-0.11711117617120609,-0.17680237026214943,73
0.0,4.0,1.0,1.0,1.0,0.953578293820944,0.994164747609723,80
0.0,3.0,2.0,1.0,1.0,-1.2591799441628326,-0.9344869759439491,56
1.0,4.0,4.0,1.0,1.0,-1.3305592421623094,-1.7610520003240944,59
1.0,3.0,5.0,1.0,1.0,0.3111646118256539,0.02983888583288688,75
1.0,2.0,0.0,1.0,1.0,0.45392320782460727,0.16759972322957775,85
1.0,4.0,0.0,1.0,1.0,0.45392320782460727,0.37424097932461403,89
0.0,1.0,2.0,1.0,0.0,0.025647419827747247,-0.039041532865458556,58
0.0,1.0,2.0,1.0,1.0,-0.40262836816911274,-0.45232404505553114,65
1.0,2.0,2.0,1.0,1.0,-0.6881455601670194,-1.0722478133406401,68
1.0,0.0,5.0,1.0,0.0,-1.4733178381612628,-1.3477694881340216,47
0.0,3.0,4.0,0.0,1.0,0.953578293820944,0.994164747609723,71
0.0,1.0,5.0,1.0,0.0,0.025647419827747247,0.09871930453123232,60
1.0,3.0,3.0,1.0,1.0,0.7394403998225139,0.23648014192792316,80
1.0,3.0,2.0,1.0,1.0,-1.2591799441628326,-1.1411282320389855,54
0.0,4.0,4.0,1.0,1.0,0.23978531382617724,0.09871930453123232,62
0.0,2.0,0.0,0.0,1.0,0.23978531382617724,-0.039041532865458556,64
1.0,2.0,0.0,1.0,0.0,0.5253025058240839,0.5808822354196503,78
0.0,1.0,4.0,1.0,1.0,0.3825439098251306,0.6497626541179957,70
0.0,2.0,3.0,0.0,0.0,0.8108196978219906,0.8564039102130321,65
0.0,2.0,5.0,0.0,0.0,0.6680611018230372,0.5808822354196503,64
1.0,2.0,4.0,1.0,0.0,0.6680611018230372,0.6497626541179957,79
0.0,2.0,5.0,0.0,1.0,-1.401938540161786,-1.2100086507373309,44
0.0,4.0,2.0,1.0,1.0,1.6673712738157105,1.476327678498141,99
1.0,3.0,2.0,1.0,1.0,0.23978531382617724,-0.039041532865458556,76
1.0,3.0,5.0,0.0,1.0,-1.9729729241575993,-1.8988128377207851,59
0.0,2.0,1.0,1.0,1.0,0.3825439098251306,0.8564039102130321,63
0.0,3.0,2.0,1.0,1.0,0.1684060158267006,0.5808822354196503,69
0.0,3.0,0.0,1.0,0.0,1.595991975816234,1.820729771989868,88
0.0,4.0,4.0,0.0,1.0,0.45392320782460727,0.09871930453123232,71
1.0,2.0,1.0,1.0,1.0,-0.4740076661685894,-0.5212044637538765,69
1.0,2.0,4.0,1.0,1.0,-1.4733178381612628,-1.8299324190224397,58
0.0,3.0,0.0,0.0,1.0,-1.1878006461633561,-0.7278457198489129,47
0.0,3.0,4.0,1.0,1.0,0.025647419827747247,0.16759972322957775,65
1.0,1.0,4.0,1.0,0.0,1.0963368898198973,0.5120018167213048,88
1.0,2.0,1.0,1.0,1.0,0.5966818038235606,0.3053605606262686,83
0.0,2.0,5.0,1.0,0.0,1.595991975816234,1.6829689345931773,85
0.0,4.0,2.0,1.0,0.0,-0.4740076661685894,0.44312139802295947,59
0.0,2.0,5.0,0.0,1.0,1.1677161878193738,0.7875234915146866,65
1.0,1.0,1.0,0.0,1.0,-0.973662752164926,-0.7967261385472583,73
1.0,3.0,2.0,1.0,1.0,-1.2591799441628326,-1.8299324190224397,53
1.0,3.0,2.0,1.0,1.0,-1.5446971361607393,-1.554410744229058,45
0.0,3.0,1.0,0.0,1.0,0.6680611018230372,1.0630451663080684,73
0.0,3.0,4.0,0.0,0.0,0.5966818038235606,0.6497626541179957,70
0.0,1.0,5.0,1.0,1.0,-1.6874557321596928,-1.554410744229058,37
1.0,1.0,0.0,1.0,0.0,0.8821989958214672,0.9252843289113775,81
1.0,4.0,0.0,1.0,0.0,0.8821989958214672,1.3385668411014502,97
0.0,1.0,5.0,1.0,1.0,1.381854081817804,0.9252843289113775,67
1.0,1.0,1.0,0.0,1.0,0.3825439098251306,0.5120018167213048,88
1.0,4.0,5.0,1.0,0.0,0.45392320782460727,0.5808822354196503,77
1.0,2.0,0.0,1.0,1.0,0.025647419827747247,-0.039041532865458556,76
1.0,3.0,5.0,1.0,1.0,0.23978531382617724,0.09871930453123232,86
1.0,2.0,5.0,1.0,0.0,-0.6881455601670194,-0.7967261385472583,63
0.0,4.0,1.0,1.0,1.0,0.23978531382617724,0.44312139802295947,65
1.0,3.0,2.0,0.0,0.0,0.5253025058240839,0.7875234915146866,78
1.0,1.0,0.0,0.0,1.0,-0.5453869641680661,-0.590084882452222,67
1.0,0.0,5.0,1.0,0.0,-2.0443522221570762,-1.7610520003240944,46
1.0,4.0,0.0,1.0,0.0,0.3111646118256539,-0.039041532865458556,71
1.0,2.0,2.0,0.0,0.0,-1.6874557321596928,-1.2788890694356763,40
1.0,3.0,0.0,0.0,1.0,1.2390954858188505,0.44312139802295947,90
1.0,0.0,4.0,0.0,0.0,0.5966818038235606,0.8564039102130321,81
1.0,3.0,5.0,0.0,1.0,-1.1164213481638794,-1.1411282320389855,56
0.0,2.0,0.0,1.0,0.0,1.0249575918204206,0.8564039102130321,67
1.0,1.0,0.0,1.0,1.0,0.45392320782460727,-0.31456320765884027,80
0.0,2.0,0.0,1.0,0.0,0.3825439098251306,0.994164747609723,74
1.0,0.0,4.0,1.0,1.0,-0.18849047417068274,0.02983888583288688,69
1.0,4.0,4.0,1.0,0.0,1.2390954858188505,0.8564039102130321,99
1.0,2.0,5.0,1.0,1.0,-1.2591799441628326,-1.692171581625749,51
0.0,1.0,0.0,0.0,1.0,0.09702671782722391,-0.10792195156380398,53
0.0,3.0,2.0,0.0,1.0,-0.9022834541654494,-1.1411282320389855,49
0.0,1.0,0.0,1.0,1.0,0.45392320782460727,0.7875234915146866,73
1.0,1.0,1.0,1.0,1.0,-0.6881455601670194,-0.7967261385472583,66
1.0,3.0,1.0,1.0,0.0,-0.6167662621675427,-0.039041532865458556,67
0.0,2.0,0.0,0.0,0.0,-0.18849047417068274,0.02983888583288688,68
0.0,2.0,1.0,1.0,0.0,-0.40262836816911274,0.44312139802295947,59
1.0,2.0,2.0,1.0,1.0,-0.25986977217015944,-0.24568278896049484,71
0.0,3.0,3.0,1.0,0.0,0.8821989958214672,1.5452080971964863,77
1.0,2.0,0.0,1.0,1.0,0.1684060158267006,0.6497626541179957,83
1.0,1.0,1.0,1.0,1.0,0.09702671782722391,0.02983888583288688,63
0.0,3.0,0.0,0.0,1.0,-0.33124907016963606,-0.3834436263571857,56
0.0,2.0,2.0,0.0,0.0,0.6680611018230372,1.0630451663080684,67
0.0,4.0,2.0,1.0,1.0,1.1677161878193738,0.7186430728163412,75
0.0,2.0,4.0,1.0,1.0,0.8108196978219906,0.7875234915146866,71
0.0,2.0,5.0,0.0,1.0,-1.1878006461633561,-1.0722478133406401,43
0.0,2.0,2.0,0.0,1.0,-1.6874557321596928,-1.7610520003240944,41
0.0,2.0,4.0,1.0,1.0,1.4532333798172805,1.7518493532915227,82
1.0,2.0,4.0,1.0,1.0,-0.6167662621675427,-0.45232404505553114,61
1.0,2.0,0.0,1.0,0.0,0.3825439098251306,0.5808822354196503,82
0.0,1.0,5.0,1.0,1.0,-1.0450420501644027,-1.2100086507373309,41
1.0,2.0,2.0,1.0,1.0,-0.6881455601670194,-0.5212044637538765,71
1.0,2.0,0.0,1.0,1.0,-2.3298694141549827,-2.312095349910858,47
1.0,4.0,0.0,1.0,0.0,-0.973662752164926,-1.0722478133406401,62
1.0,1.0,0.0,1.0,1.0,0.5966818038235606,0.8564039102130321,90
0.0,2.0,1.0,1.0,1.0,1.6673712738157105,1.820729771989868,83
0.0,1.0,4.0,0.0,1.0,-0.11711117617120609,-0.17680237026214943,61
1.0,3.0,5.0,1.0,0.0,0.025647419827747247,0.02983888583288688,76
1.0,2.0,0.0,1.0,1.0,-1.3305592421623094,-1.7610520003240944,49
0.0,3.0,5.0,0.0,0.0,-1.0450420501644027,-0.590084882452222,35
1.0,2.0,2.0,0.0,1.0,-0.6167662621675427,-1.1411282320389855,58
0.0,2.0,2.0,1.0,1.0,0.23978531382617724,-0.3834436263571857,61
0.0,1.0,2.0,1.0,0.0,0.45392320782460727,0.37424097932461403,69
1.0,3.0,0.0,1.0,0.0,0.1684060158267006,-0.10792195156380398,67
1.0,3.0,4.0,1.0,1.0,0.23978531382617724,-0.10792195156380398,79
0.0,2.0,2.0,1.0,1.0,0.7394403998225139,0.44312139802295947,72
1.0,1.0,4.0,1.0,1.0,-0.6167662621675427,-0.7967261385472583,62
0.0,2.0,1.0,1.0,0.0,1.7387505718151872,1.820729771989868,77
1.0,3.0,2.0,0.0,1.0,0.3111646118256539,-0.17680237026214943,75
1.0,4.0,0.0,1.0,1.0,0.3111646118256539,0.5120018167213048,87
0.0,1.0,1.0,1.0,1.0,-0.33124907016963606,0.02983888583288688,52
1.0,4.0,4.0,1.0,1.0,-0.9022834541654494,-1.1411282320389855,66
0.0,2.0,4.0,1.0,0.0,0.5966818038235606,0.7875234915146866,63
0.0,2.0,0.0,1.0,1.0,-0.8309041561659728,-0.7967261385472583,46
0.0,2.0,4.0,1.0,1.0,0.09702671782722391,0.09871930453123232,59
0.0,1.0,1.0,1.0,1.0,0.1684060158267006,0.09871930453123232,61
1.0,0.0,0.0,1.0,1.0,-0.6167662621675427,-0.5212044637538765,63
0.0,2.0,4.0,0.0,0.0,-0.25986977217015944,0.02983888583288688,42
1.0,3.0,4.0,0.0,1.0,-0.5453869641680661,-0.5212044637538765,59
0.0,3.0,4.0,1.0,1.0,1.4532333798172805,1.4074472597997956,80
0.0,1.0,2.0,1.0,1.0,-0.5453869641680661,-0.6589653011505674,58
1.0,1.0,5.0,1.0,0.0,1.0249575918204206,0.6497626541179957,85
0.0,2.0,4.0,1.0,1.0,-0.8309041561659728,-0.7278457198489129,52
0.0,3.0,5.0,0.0,1.0,-2.5440073081534127,-2.518736606005894,27
1.0,2.0,4.0,1.0,1.0,-0.6881455601670194,-0.7278457198489129,59
1.0,0.0,1.0,0.0,0.0,-0.8309041561659728,-0.590084882452222,49
1.0,2.0,2.0,1.0,0.0,-0.8309041561659728,-1.0722478133406401,69
1.0,2.0,1.0,0.0,1.0,-0.25986977217015944,-0.5212044637538765,61
0.0,0.0,5.0,0.0,1.0,-0.40262836816911274,-0.7278457198489129,44
0.0,3.0,5.0,1.0,1.0,1.0249575918204206,1.1319255850064138,73
1.0,4.0,4.0,1.0,1.0,0.5253025058240839,0.16759972322957775,84
0.0,2.0,4.0,0.0,0.0,0.23978531382617724,0.09871930453123232,45
1.0,3.0,5.0,1.0,1.0,0.3111646118256539,0.23648014192792316,74
0.0,3.0,4.0,1.0,0.0,1.9528884658136172,1.8896101906882135,82
0.0,3.0,1.0,1.0,1.0,0.025647419827747247,0.3053605606262686,59
1.0,4.0,0.0,0.0,1.0,-1.9015936261581228,-1.8988128377207851,46
0.0,3.0,5.0,1.0,1.0,1.4532333798172805,0.9252843289113775,80
0.0,3.0,3.0,0.0,0.0,1.810129869814664,2.1651318654815954,85
0.0,0.0,5.0,1.0,1.0,0.953578293820944,0.5808822354196503,71
1.0,0.0,1.0,1.0,1.0,-0.40262836816911274,-0.45232404505553114,66
0.0,1.0,0.0,1.0,1.0,1.1677161878193738,0.994164747609723,80
1.0,2.0,0.0,1.0,0.0,2.167026359812047,1.820729771989868,87
1.0,2.0,3.0,0.0,1.0,0.8108196978219906,0.16759972322957775,79
0.0,4.0,5.0,0.0,1.0,-1.4733178381612628,-1.6232911629274034,38
0.0,0.0,5.0,0.0,1.0,-1.9015936261581228,-1.7610520003240944,38
0.0,4.0,4.0,1.0,1.0,0.45392320782460727,0.44312139802295947,67
0.0,4.0,1.0,1.0,1.0,0.23978531382617724,0.09871930453123232,64
0.0,2.0,0.0,0.0,1.0,0.5966818038235606,-0.10792195156380398,57
0.0,3.0,2.0,1.0,1.0,-0.40262836816911274,-0.31456320765884027,62
1.0,3.0,3.0,1.0,1.0,0.025647419827747247,0.44312139802295947,73
1.0,4.0,5.0,0.0,0.0,-0.18849047417068274,-0.6589653011505674,73
0.0,3.0,4.0,1.0,1.0,-0.11711117617120609,0.5808822354196503,77
1.0,4.0,4.0,1.0,1.0,-0.18849047417068274,-0.10792195156380398,76
1.0,2.0,0.0,1.0,0.0,-1.1164213481638794,-0.8656065572456038,57
0.0,2.0,5.0,1.0,0.0,0.3111646118256539,0.5808822354196503,65
1.0,0.0,2.0,0.0,1.0,-1.7588350301591693,-1.8988128377207851,48
0.0,1.0,2.0,0.0,1.0,-0.18849047417068274,-0.3834436263571857,50
0.0,2.0,0.0,1.0,1.0,1.381854081817804,1.820729771989868,85
1.0,1.0,5.0,1.0,1.0,-0.4740076661685894,-0.7967261385472583,74
1.0,3.0,5.0,1.0,1.0,-0.7595248581664961,-1.0033673946422945,60
0.0,2.0,5.0,1.0,0.0,-1.1164213481638794,-0.10792195156380398,59
1.0,0.0,4.0,1.0,1.0,-1.9015936261581228,-1.7610520003240944,53
0.0,0.0,4.0,0.0,1.0,-0.33124907016963606,-0.9344869759439491,49
0.0,3.0,2.0,1.0,0.0,2.0956470618125707,2.1651318654815954,88
0.0,2.0,2.0,1.0,1.0,-0.7595248581664961,-0.45232404505553114,54
0.0,2.0,5.0,1.0,1.0,0.23978531382617724,-0.039041532865458556,63
1.0,1.0,0.0,1.0,0.0,-0.33124907016963606,-0.3834436263571857,65
0.0,1.0,0.0,1.0,1.0,0.7394403998225139,0.5808822354196503,82
0.0,3.0,2.0,0.0,0.0,-0.9022834541654494,-0.8656065572456038,52
1.0,3.0,0.0,1.0,0.0,1.0249575918204206,1.1319255850064138,87
0.0,3.0,3.0,1.0,0.0,0.09702671782722391,0.37424097932461403,70
1.0,4.0,4.0,1.0,0.0,0.953578293820944,0.6497626541179957,84
1.0,3.0,0.0,1.0,1.0,-0.25986977217015944,-0.590084882452222,71
1.0,1.0,5.0,1.0,0.0,-0.18849047417068274,-0.10792195156380398,63
0.0,2.0,1.0,0.0,0.0,0.1684060158267006,0.7186430728163412,51
1.0,4.0,2.0,1.0,1.0,0.23978531382617724,0.02983888583288688,84
1.0,2.0,1.0,1.0,0.0,0.3111646118256539,-0.039041532865458556,71
1.0,2.0,0.0,1.0,1.0,0.23978531382617724,-0.10792195156380398,74
1.0,3.0,4.0,1.0,1.0,-0.7595248581664961,-0.45232404505553114,68
1.0,4.0,2.0,0.0,0.0,-0.973662752164926,-1.0033673946422945,57
0.0,2.0,0.0,0.0,0.0,1.6673712738157105,1.6829689345931773,82
0.0,3.0,2.0,1.0,0.0,-0.8309041561659728,-0.31456320765884027,57
0.0,3.0,3.0,0.0,0.0,-0.8309041561659728,-0.10792195156380398,47
0.0,0.0,5.0,1.0,0.0,1.0963368898198973,0.7875234915146866,59
1.0,1.0,4.0,0.0,1.0,-2.1871108181560293,-2.3809757686092032,41
0.0,2.0,4.0,0.0,1.0,-0.18849047417068274,-0.45232404505553114,62
1.0,2.0,1.0,1.0,1.0,0.953578293820944,1.2008060037047592,86
1.0,2.0,5.0,0.0,1.0,0.09702671782722391,-0.24568278896049484,69
1.0,0.0,5.0,0.0,1.0,-0.7595248581664961,-1.0722478133406401,65
1.0,2.0,5.0,0.0,1.0,-0.4740076661685894,-1.0033673946422945,68
1.0,2.0,0.0,0.0,1.0,-0.25986977217015944,-0.6589653011505674,64
0.0,2.0,2.0,1.0,1.0,0.1684060158267006,0.09871930453123232,61
1.0,2.0,2.0,1.0,1.0,-0.973662752164926,-0.9344869759439491,61
0.0,0.0,5.0,0.0,1.0,-0.7595248581664961,-1.2788890694356763,47
1.0,2.0,5.0,1.0,1.0,-0.25986977217015944,-0.17680237026214943,73
1.0,2.0,4.0,0.0,0.0,-1.5446971361607393,-1.0722478133406401,50
1.0,3.0,0.0,1.0,1.0,-0.11711117617120609,-0.31456320765884027,75
1.0,3.0,0.0,0.0,1.0,-0.25986977217015944,0.3053605606262686,75
1.0,2.0,2.0,1.0,1.0,-0.973662752164926,-1.2100086507373309,70
1.0,3.0,5.0,1.0,0.0,1.3104747838183273,0.9252843289113775,89
0.0,2.0,4.0,1.0,0.0,0.8108196978219906,0.7186430728163412,67
0.0,3.0,2.0,1.0,1.0,0.8108196978219906,0.7875234915146866,78
0.0,0.0,5.0,0.0,1.0,0.23978531382617724,0.02983888583288688,59
0.0,1.0,0.0,1.0,1.0,0.953578293820944,0.5120018167213048,73
1.0,0.0,5.0,0.0,1.0,0.8821989958214672,0.3053605606262686,79
0.0,2.0,5.0,1.0,0.0,0.3111646118256539,0.5808822354196503,67
1.0,3.0,4.0,0.0,1.0,-0.25986977217015944,-0.590084882452222,69
1.0,2.0,2.0,1.0,0.0,0.8108196978219906,0.7875234915146866,86
1.0,1.0,2.0,1.0,1.0,-1.6874557321596928,-1.8299324190224397,47
1.0,1.0,0.0,1.0,1.0,0.23978531382617724,0.23648014192792316,81
0.0,2.0,4.0,0.0,0.0,1.0963368898198973,1.1319255850064138,64
0.0,4.0,4.0,1.0,1.0,1.595991975816234,1.958490609386559,100
0.0,2.0,0.0,0.0,1.0,0.5253025058240839,0.37424097932461403,65
1.0,2.0,4.0,0.0,1.0,-0.8309041561659728,-1.3477694881340216,65
0.0,2.0,0.0,0.0,1.0,-0.6167662621675427,-0.45232404505553114,53
1.0,2.0,1.0,0.0,1.0,-0.973662752164926,-1.4855303255307126,37
0.0,3.0,1.0,1.0,1.0,1.381854081817804,1.4074472597997956,79
1.0,3.0,0.0,0.0,1.0,-1.1164213481638794,-1.4166499068323672,53
0.0,4.0,1.0,1.0,1.0,2.167026359812047,2.1651318654815954,100
1.0,1.0,2.0,1.0,0.0,-0.33124907016963606,-0.039041532865458556,72
1.0,2.0,1.0,0.0,1.0,-0.8309041561659728,-0.9344869759439491,53
1.0,1.0,4.0,0.0,1.0,-1.1164213481638794,-1.6232911629274034,54
0.0,4.0,4.0,1.0,1.0,0.025647419827747247,0.5120018167213048,71
0.0,2.0,4.0,0.0,1.0,1.4532333798172805,1.5452080971964863,77
1.0,0.0,1.0,1.0,0.0,-0.8309041561659728,-0.45232404505553114,75
0.0,2.0,4.0,1.0,1.0,1.2390954858188505,1.5452080971964863,84
1.0,0.0,2.0,0.0,0.0,-0.18849047417068274,-0.24568278896049484,72
0.0,0.0,2.0,0.0,0.0,1.3104747838183273,1.1319255850064138,77
1.0,2.0,4.0,1.0,1.0,0.3111646118256539,0.5120018167213048,91
0.0,2.0,0.0,1.0,0.0,1.0963368898198973,1.476327678498141,83
0.0,2.0,2.0,1.0,1.0,-0.04573187817172942,0.37424097932461403,63
0.0,2.0,0.0,1.0,0.0,1.1677161878193738,1.0630451663080684,68
0.0,3.0,5.0,1.0,1.0,-0.18849047417068274,-0.5212044637538765,59
0.0,1.0,0.0,1.0,0.0,1.4532333798172805,1.5452080971964863,90
0.0,3.0,1.0,1.0,0.0,0.45392320782460727,0.994164747609723,71
1.0,4.0,1.0,1.0,0.0,-0.5453869641680661,-0.17680237026214943,76
1.0,3.0,0.0,1.0,1.0,-0.11711117617120609,0.23648014192792316,80
0.0,3.0,3.0,1.0,1.0,-0.40262836816911274,0.09871930453123232,55
1.0,4.0,0.0,1.0,1.0,0.09702671782722391,-0.10792195156380398,76
1.0,1.0,2.0,1.0,0.0,0.09702671782722391,-0.039041532865458556,73
0.0,3.0,0.0,0.0,1.0,-0.7595248581664961,-0.8656065572456038,52
1.0,2.0,4.0,0.0,1.0,-0.11711117617120609,-0.5212044637538765,68
1.0,0.0,2.0,1.0,1.0,-1.2591799441628326,-1.554410744229058,59
0.0,1.0,0.0,1.0,1.0,-1.2591799441628326,-1.0033673946422945,49
1.0,2.0,2.0,1.0,1.0,0.3111646118256539,0.16759972322957775,70
1.0,3.0,4.0,0.0,1.0,-1.616076434160216,-0.8656065572456038,61
0.0,2.0,0.0,0.0,1.0,0.3825439098251306,0.37424097932461403,60
1.0,1.0,5.0,1.0,0.0,-1.1878006461633561,-0.7967261385472583,64
1.0,0.0,0.0,0.0,0.0,0.8821989958214672,0.9252843289113775,79
0.0,0.0,0.0,0.0,1.0,1.0963368898198973,0.5120018167213048,65
0.0,2.0,0.0,1.0,1.0,-0.40262836816911274,0.09871930453123232,64
0.0,2.0,4.0,1.0,1.0,0.953578293820944,1.476327678498141,83
0.0,2.0,1.0,1.0,1.0,1.3104747838183273,1.476327678498141,81
0.0,1.0,2.0,1.0,1.0,-0.40262836816911274,-0.039041532865458556,54
1.0,3.0,2.0,1.0,0.0,-0.40262836816911274,-0.17680237026214943,68
0.0,2.0,4.0,1.0,1.0,-1.5446971361607393,-1.1411282320389855,54
0.0,3.0,4.0,0.0,0.0,0.5966818038235606,0.5120018167213048,59
0.0,1.0,5.0,1.0,1.0,-0.04573187817172942,-0.039041532865458556,66
1.0,4.0,4.0,1.0,1.0,0.09702671782722391,0.23648014192792316,76
0.0,3.0,3.0,1.0,1.0,0.6680611018230372,0.9252843289113775,74
0.0,1.0,0.0,1.0,0.0,1.2390954858188505,1.6140885158948317,94
1.0,2.0,4.0,0.0,1.0,-0.6167662621675427,-1.0033673946422945,63
0.0,4.0,0.0,1.0,0.0,1.381854081817804,1.6140885158948317,95
0.0,3.0,3.0,0.0,1.0,-0.7595248581664961,-1.0033673946422945,40
0.0,1.0,5.0,1.0,1.0,0.8821989958214672,0.7875234915146866,82
1.0,0.0,2.0,1.0,1.0,0.025647419827747247,-0.17680237026214943,68
1.0,1.0,1.0,0.0,1.0,-0.7595248581664961,-1.0033673946422945,55
1.0,2.0,3.0,1.0,1.0,0.5966818038235606,0.5808822354196503,79
0.0,2.0,1.0,1.0,1.0,1.595991975816234,1.2696864224031046,86
1.0,3.0,4.0,1.0,1.0,0.09702671782722391,0.3053605606262686,76
1.0,0.0,5.0,1.0,1.0,-1.401938540161786,-1.7610520003240944,64
1.0,3.0,5.0,0.0,1.0,-1.4733178381612628,-1.1411282320389855,62
0.0,1.0,5.0,1.0,0.0,-0.6167662621675427,-0.45232404505553114,54
0.0,1.0,3.0,0.0,0.0,1.9528884658136172,1.7518493532915227,77
0.0,2.0,5.0,1.0,0.0,1.2390954858188505,1.1319255850064138,76
0.0,3.0,4.0,1.0,1.0,1.381854081817804,1.0630451663080684,74
0.0,4.0,4.0,1.0,0.0,0.3111646118256539,0.3053605606262686,66
0.0,3.0,5.0,1.0,0.0,0.5966818038235606,0.6497626541179957,66
0.0,1.0,2.0,0.0,0.0,0.5966818038235606,0.7186430728163412,67
1.0,3.0,4.0,1.0,1.0,-1.4733178381612628,-1.1411282320389855,71
0.0,2.0,0.0,1.0,1.0,1.1677161878193738,1.0630451663080684,91
1.0,3.0,1.0,1.0,1.0,-0.8309041561659728,-0.7967261385472583,69
1.0,2.0,3.0,0.0,1.0,-0.7595248581664961,-1.2788890694356763,54
1.0,2.0,2.0,1.0,0.0,-1.2591799441628326,-1.3477694881340216,53
1.0,4.0,4.0,1.0,1.0,-0.6881455601670194,-0.6589653011505674,68
1.0,2.0,5.0,0.0,0.0,-0.6167662621675427,-0.590084882452222,56
0.0,2.0,2.0,0.0,1.0,-1.1878006461633561,-1.7610520003240944,36
0.0,3.0,1.0,0.0,1.0,-2.0443522221570762,-1.4855303255307126,29
0.0,2.0,0.0,1.0,1.0,0.3111646118256539,0.09871930453123232,62
0.0,2.0,0.0,1.0,0.0,-0.18849047417068274,0.3053605606262686,68
0.0,2.0,5.0,1.0,1.0,-1.1164213481638794,-1.0722478133406401,47
1.0,4.0,0.0,1.0,0.0,-0.6167662621675427,-0.7278457198489129,62
0.0,4.0,0.0,1.0,0.0,1.3104747838183273,1.7518493532915227,79
1.0,1.0,2.0,1.0,0.0,-0.04573187817172942,-0.039041532865458556,73
0.0,2.0,1.0,0.0,0.0,0.953578293820944,0.994164747609723,66
1.0,2.0,0.0,1.0,0.0,-0.6881455601670194,-0.7278457198489129,51
0.0,3.0,2.0,1.0,1.0,-0.25986977217015944,-0.45232404505553114,51
1.0,4.0,1.0,1.0,0.0,-0.25986977217015944,0.16759972322957775,85
1.0,0.0,0.0,1.0,0.0,1.595991975816234,1.2008060037047592,97
1.0,2.0,2.0,1.0,0.0,-0.04573187817172942,-0.039041532865458556,75
1.0,3.0,0.0,0.0,0.0,0.8821989958214672,0.7875234915146866,79
0.0,2.0,0.0,1.0,1.0,0.5253025058240839,0.7186430728163412,81
0.0,3.0,0.0,1.0,1.0,1.810129869814664,1.4074472597997956,82
0.0,3.0,3.0,1.0,1.0,-0.4740076661685894,-0.17680237026214943,64
1.0,4.0,5.0,0.0,0.0,0.953578293820944,0.7875234915146866,78
0.0,0.0,5.0,1.0,0.0,2.167026359812047,1.958490609386559,92
1.0,2.0,2.0,1.0,0.0,-0.18849047417068274,-0.31456320765884027,72
0.0,2.0,2.0,0.0,1.0,-0.18849047417068274,-0.31456320765884027,62
1.0,2.0,3.0,1.0,1.0,0.1684060158267006,0.02983888583288688,79
1.0,2.0,5.0,0.0,1.0,0.45392320782460727,-0.24568278896049484,79
1.0,1.0,1.0,0.0,0.0,1.4532333798172805,1.3385668411014502,87
0.0,1.0,0.0,1.0,1.0,-1.5446971361607393,-1.2788890694356763,40
1.0,3.0,4.0,0.0,1.0,-0.5453869641680661,-0.31456320765884027,77
1.0,4.0,0.0,1.0,1.0,-1.7588350301591693,-1.9676932564191307,53
0.0,2.0,4.0,0.0,1.0,-2.1871108181560293,-2.4498561873075486,32
0.0,2.0,0.0,1.0,0.0,0.1684060158267006,0.7186430728163412,55
1.0,2.0,3.0,0.0,1.0,-0.18849047417068274,-0.17680237026214943,61
0.0,1.0,0.0,0.0,1.0,0.025647419827747247,0.09871930453123232,53
1.0,3.0,5.0,1.0,1.0,-0.25986977217015944,-0.45232404505553114,73
0.0,3.0,4.0,1.0,0.0,0.3825439098251306,0.7186430728163412,74
0.0,2.0,4.0,1.0,1.0,0.3111646118256539,0.37424097932461403,63
1.0,2.0,1.0,1.0,0.0,1.4532333798172805,1.6140885158948317,96
0.0,3.0,4.0,0.0,0.0,0.7394403998225139,0.7875234915146866,63
1.0,1.0,1.0,0.0,1.0,-1.3305592421623094,-1.554410744229058,48
1.0,1.0,0.0,1.0,1.0,-1.9015936261581228,-1.6232911629274034,48
0.0,4.0,1.0,0.0,0.0,2.167026359812047,2.1651318654815954,92
0.0,3.0,3.0,0.0,0.0,0.09702671782722391,0.6497626541179957,61
1.0,1.0,2.0,0.0,1.0,-1.5446971361607393,-1.4855303255307126,63
1.0,3.0,1.0,0.0,1.0,-0.11711117617120609,-0.10792195156380398,68
1.0,1.0,4.0,1.0,0.0,0.3825439098251306,0.09871930453123232,71
1.0,0.0,1.0,1.0,1.0,1.8815091678141405,1.6140885158948317,91
0.0,2.0,4.0,1.0,1.0,-0.5453869641680661,-0.8656065572456038,53
0.0,2.0,2.0,0.0,0.0,-0.25986977217015944,-0.31456320765884027,50
0.0,4.0,2.0,1.0,1.0,0.8108196978219906,0.16759972322957775,74
1.0,0.0,0.0,0.0,0.0,-1.0450420501644027,-1.0722478133406401,40
1.0,0.0,4.0,1.0,0.0,-1.3305592421623094,-1.1411282320389855,61
0.0,1.0,2.0,1.0,1.0,1.5246126778167572,1.4074472597997956,81
0.0,1.0,4.0,0.0,0.0,-0.973662752164926,-0.7278457198489129,48
0.0,3.0,3.0,1.0,1.0,-0.6167662621675427,-0.039041532865458556,53
0.0,3.0,5.0,1.0,1.0,1.9528884658136172,1.8896101906882135,81
0.0,4.0,5.0,1.0,1.0,0.6680611018230372,0.7875234915146866,77
0.0,3.0,1.0,0.0,1.0,0.23978531382617724,0.6497626541179957,63
0.0,3.0,0.0,1.0,0.0,0.3825439098251306,0.7875234915146866,73
0.0,3.0,4.0,1.0,1.0,0.5253025058240839,0.5808822354196503,69
0.0,2.0,0.0,1.0,1.0,0.45392320782460727,0.5120018167213048,65
0.0,0.0,2.0,1.0,1.0,0.23978531382617724,0.3053605606262686,55
0.0,2.0,1.0,0.0,1.0,-0.4740076661685894,-0.45232404505553114,44
0.0,2.0,4.0,1.0,1.0,-0.40262836816911274,-0.24568278896049484,54
0.0,0.0,5.0,1.0,1.0,-0.25986977217015944,-0.24568278896049484,48
1.0,2.0,4.0,0.0,1.0,-0.9022834541654494,-1.0033673946422945,58
1.0,0.0,5.0,1.0,1.0,-0.5453869641680661,-1.2788890694356763,71
1.0,4.0,1.0,1.0,1.0,-0.11711117617120609,-0.31456320765884027,68
0.0,4.0,2.0,1.0,1.0,0.45392320782460727,0.3053605606262686,74
0.0,2.0,1.0,1.0,0.0,2.167026359812047,2.09625144678325,92
0.0,2.0,1.0,1.0,0.0,0.6680611018230372,0.23648014192792316,56
1.0,0.0,5.0,1.0,1.0,-1.1164213481638794,-1.4166499068323672,53
0.0,3.0,2.0,1.0,1.0,0.5253025058240839,0.3053605606262686,69
0.0,3.0,5.0,1.0,1.0,0.8821989958214672,0.8564039102130321,65
0.0,3.0,3.0,1.0,1.0,-0.6881455601670194,-0.3834436263571857,54
0.0,2.0,2.0,1.0,1.0,-2.900903798150796,-2.6564974434025848,29
0.0,4.0,4.0,1.0,1.0,0.5966818038235606,0.7875234915146866,76
1.0,3.0,2.0,0.0,1.0,-0.9022834541654494,-1.2100086507373309,60
1.0,3.0,3.0,0.0,0.0,1.381854081817804,1.476327678498141,84
1.0,2.0,5.0,1.0,1.0,0.1684060158267006,-0.45232404505553114,75
0.0,2.0,0.0,1.0,1.0,1.0249575918204206,0.9252843289113775,85
0.0,2.0,3.0,0.0,1.0,-0.8309041561659728,-1.0033673946422945,40
0.0,4.0,4.0,1.0,1.0,-0.40262836816911274,-0.45232404505553114,61
0.0,1.0,0.0,1.0,1.0,-0.4740076661685894,-0.24568278896049484,58
1.0,3.0,4.0,0.0,0.0,-0.6881455601670194,-0.3834436263571857,69
0.0,2.0,4.0,1.0,1.0,-0.7595248581664961,-0.17680237026214943,58
1.0,2.0,1.0,1.0,0.0,1.4532333798172805,1.5452080971964863,94
0.0,2.0,0.0,1.0,1.0,0.5253025058240839,0.37424097932461403,65
0.0,0.0,0.0,1.0,1.0,1.6673712738157105,1.6829689345931773,82
0.0,2.0,2.0,1.0,1.0,-0.11711117617120609,0.23648014192792316,60
0.0,4.0,1.0,1.0,1.0,-1.7588350301591693,-2.1054540938158217,37
1.0,3.0,1.0,1.0,1.0,0.5966818038235606,0.994164747609723,88
1.0,3.0,3.0,1.0,1.0,0.8108196978219906,1.0630451663080684,95
1.0,2.0,0.0,0.0,0.0,0.23978531382617724,-0.039041532865458556,65
0.0,2.0,2.0,0.0,1.0,-0.6167662621675427,-1.0033673946422945,35
1.0,1.0,1.0,0.0,1.0,-0.4740076661685894,-0.8656065572456038,62
1.0,2.0,2.0,0.0,0.0,-1.3305592421623094,-1.1411282320389855,58
1.0,0.0,4.0,1.0,0.0,1.8815091678141405,1.2008060037047592,100
0.0,4.0,1.0,0.0,1.0,-0.8309041561659728,-0.45232404505553114,61
1.0,3.0,4.0,1.0,0.0,1.9528884658136172,2.09625144678325,100
1.0,1.0,0.0,0.0,0.0,0.025647419827747247,-0.3834436263571857,69
1.0,3.0,0.0,1.0,1.0,-1.5446971361607393,-1.554410744229058,61
1.0,3.0,4.0,0.0,1.0,-0.9022834541654494,-1.554410744229058,49
0.0,2.0,5.0,1.0,0.0,-1.3305592421623094,-0.9344869759439491,44
1.0,3.0,4.0,1.0,1.0,-0.40262836816911274,0.09871930453123232,67
1.0,1.0,2.0,1.0,1.0,-0.6881455601670194,-0.24568278896049484,79
0.0,1.0,1.0,1.0,0.0,0.3111646118256539,0.8564039102130321,66
0.0,2.0,2.0,1.0,1.0,1.3104747838183273,1.1319255850064138,75
1.0,3.0,5.0,1.0,1.0,1.0249575918204206,0.7875234915146866,84
1.0,0.0,2.0,1.0,1.0,0.3111646118256539,-0.31456320765884027,71
0.0,1.0,2.0,0.0,0.0,0.7394403998225139,0.8564039102130321,67
0.0,3.0,5.0,1.0,0.0,1.595991975816234,1.3385668411014502,80
1.0,4.0,4.0,1.0,1.0,0.45392320782460727,0.37424097932461403,86
0.0,3.0,0.0,1.0,1.0,0.3111646118256539,0.3053605606262686,76
1.0,3.0,2.0,1.0,1.0,-1.2591799441628326,-1.2100086507373309,41
0.0,3.0,0.0,0.0,0.0,1.3104747838183273,1.476327678498141,74
0.0,1.0,5.0,0.0,1.0,0.8108196978219906,0.7186430728163412,72
0.0,4.0,2.0,1.0,0.0,0.6680611018230372,0.7875234915146866,74
1.0,1.0,2.0,1.0,1.0,-0.33124907016963606,-0.590084882452222,70
0.0,1.0,1.0,1.0,0.0,0.8108196978219906,0.8564039102130321,65
0.0,3.0,0.0,1.0,1.0,0.025647419827747247,-0.24568278896049484,59
0.0,4.0,2.0,0.0,1.0,-0.5453869641680661,-0.039041532865458556,64
0.0,1.0,2.0,1.0,1.0,-1.1878006461633561,-0.9344869759439491,50
0.0,3.0,4.0,1.0,0.0,0.6680611018230372,0.8564039102130321,69
1.0,2.0,5.0,0.0,0.0,-0.973662752164926,-1.0722478133406401,51
0.0,0.0,2.0,1.0,0.0,0.7394403998225139,0.5120018167213048,68
0.0,3.0,4.0,1.0,0.0,1.1677161878193738,2.027371028084904,85
0.0,0.0,0.0,1.0,0.0,0.025647419827747247,0.37424097932461403,65
0.0,1.0,5.0,1.0,1.0,0.6680611018230372,0.7186430728163412,73
0.0,1.0,4.0,1.0,1.0,-0.18849047417068274,-0.10792195156380398,62
1.0,2.0,0.0,0.0,1.0,-0.18849047417068274,-0.31456320765884027,77
1.0,3.0,5.0,1.0,1.0,-0.25986977217015944,-0.5212044637538765,69
0.0,3.0,0.0,0.0,1.0,-0.6881455601670194,-0.7278457198489129,43
1.0,3.0,0.0,1.0,1.0,1.2390954858188505,1.1319255850064138,90
1.0,2.0,4.0,0.0,1.0,0.5253025058240839,0.3053605606262686,74
1.0,2.0,5.0,1.0,1.0,-0.25986977217015944,-0.3834436263571857,73
0.0,3.0,4.0,0.0,1.0,0.09702671782722391,0.02983888583288688,55
0.0,2.0,2.0,1.0,1.0,-0.04573187817172942,-0.10792195156380398,65
1.0,3.0,0.0,1.0,1.0,-0.4740076661685894,-0.3834436263571857,80
0.0,2.0,5.0,0.0,0.0,-0.6881455601670194,-0.590084882452222,50
0.0,2.0,4.0,0.0,0.0,0.23978531382617724,0.16759972322957775,63
0.0,1.0,1.0,0.0,1.0,1.0963368898198973,1.2696864224031046,77
1.0,2.0,4.0,1.0,1.0,0.3111646118256539,-0.5212044637538765,73
1.0,3.0,0.0,1.0,0.0,0.1684060158267006,0.5808822354196503,81
0.0,2.0,2.0,0.0,1.0,0.45392320782460727,-0.039041532865458556,66
1.0,3.0,0.0,0.0,1.0,-0.9022834541654494,-1.2788890694356763,52
0.0,2.0,4.0,1.0,1.0,0.5966818038235606,0.5120018167213048,69
0.0,2.0,0.0,1.0,0.0,1.0249575918204206,1.0630451663080684,65
0.0,3.0,2.0,1.0,0.0,0.5253025058240839,0.6497626541179957,69
0.0,1.0,4.0,1.0,0.0,-0.40262836816911274,-0.17680237026214943,50
0.0,4.0,4.0,1.0,0.0,0.5966818038235606,0.5120018167213048,73
0.0,2.0,5.0,1.0,0.0,0.8821989958214672,0.5120018167213048,70
1.0,3.0,0.0,0.0,1.0,0.3825439098251306,0.6497626541179957,81
1.0,3.0,4.0,0.0,1.0,-0.6167662621675427,-0.590084882452222,63
0.0,3.0,2.0,1.0,1.0,0.1684060158267006,0.37424097932461403,67
1.0,1.0,2.0,1.0,1.0,-0.11711117617120609,-0.590084882452222,60
1.0,1.0,2.0,1.0,1.0,-1.0450420501644027,-1.0033673946422945,62
0.0,2.0,5.0,0.0,0.0,-2.1157315201565527,-1.692171581625749,29
1.0,1.0,4.0,1.0,0.0,-0.25986977217015944,-0.039041532865458556,62
0.0,4.0,3.0,1.0,0.0,2.0956470618125707,2.1651318654815954,94
1.0,4.0,4.0,1.0,0.0,0.3825439098251306,-0.039041532865458556,85
1.0,3.0,0.0,0.0,1.0,0.5966818038235606,0.3053605606262686,77
1.0,0.0,2.0,0.0,1.0,-0.8309041561659728,-1.692171581625749,53
1.0,4.0,4.0,0.0,1.0,1.4532333798172805,0.994164747609723,93
0.0,2.0,0.0,1.0,1.0,-1.1878006461633561,-1.0722478133406401,49
0.0,4.0,0.0,0.0,1.0,0.45392320782460727,0.6497626541179957,73
0.0,2.0,1.0,0.0,0.0,0.3111646118256539,0.8564039102130321,66
0.0,3.0,0.0,1.0,1.0,0.5253025058240839,0.3053605606262686,77
0.0,2.0,5.0,1.0,1.0,-0.4740076661685894,-0.8656065572456038,49
0.0,3.0,4.0,0.0,1.0,1.381854081817804,1.2008060037047592,79
0.0,2.0,0.0,1.0,0.0,0.8821989958214672,1.476327678498141,75
0.0,0.0,1.0,1.0,1.0,0.1684060158267006,0.09871930453123232,59
0.0,3.0,0.0,1.0,0.0,0.5966818038235606,0.7186430728163412,57
1.0,2.0,2.0,0.0,1.0,-0.25986977217015944,-0.6589653011505674,66
0.0,4.0,1.0,1.0,0.0,0.8108196978219906,0.9252843289113775,79
0.0,1.0,5.0,1.0,1.0,-0.18849047417068274,0.23648014192792316,57
1.0,0.0,1.0,1.0,0.0,1.0249575918204206,1.2696864224031046,87
0.0,3.0,4.0,1.0,1.0,-0.40262836816911274,-0.10792195156380398,63
0.0,1.0,5.0,0.0,0.0,-0.4740076661685894,-0.31456320765884027,59
1.0,0.0,1.0,0.0,1.0,0.1684060158267006,-0.24568278896049484,62
1.0,3.0,2.0,1.0,1.0,-2.5440073081534127,-2.2432149312125125,46
1.0,2.0,4.0,1.0,1.0,-0.7595248581664961,-1.1411282320389855,66
1.0,3.0,2.0,1.0,1.0,1.2390954858188505,0.7186430728163412,89
0.0,3.0,0.0,0.0,0.0,-0.6167662621675427,-0.7278457198489129,42
1.0,2.0,4.0,1.0,0.0,1.0249575918204206,1.476327678498141,93
0.0,4.0,5.0,1.0,0.0,1.0963368898198973,1.1319255850064138,80
0.0,3.0,4.0,1.0,1.0,2.167026359812047,2.09625144678325,98
1.0,3.0,3.0,1.0,1.0,0.8108196978219906,1.0630451663080684,81
0.0,1.0,5.0,1.0,0.0,0.025647419827747247,0.37424097932461403,60
0.0,1.0,0.0,0.0,0.0,1.7387505718151872,1.2696864224031046,76
1.0,2.0,0.0,1.0,0.0,0.5966818038235606,0.23648014192792316,73
0.0,2.0,0.0,1.0,0.0,1.8815091678141405,2.09625144678325,96
0.0,2.0,2.0,1.0,1.0,0.45392320782460727,0.37424097932461403,76
1.0,4.0,0.0,0.0,0.0,0.23978531382617724,0.7875234915146866,91
0.0,2.0,4.0,0.0,1.0,0.1684060158267006,0.09871930453123232,62
1.0,3.0,5.0,0.0,0.0,-0.7595248581664961,-0.6589653011505674,55
0.0,1.0,5.0,0.0,0.0,1.4532333798172805,1.3385668411014502,74
1.0,2.0,2.0,1.0,1.0,-1.5446971361607393,-1.8299324190224397,50
1.0,1.0,4.0,1.0,1.0,-1.9015936261581228,-1.8988128377207851,47
1.0,4.0,4.0,1.0,0.0,0.3111646118256539,0.16759972322957775,81
0.0,4.0,0.0,1.0,0.0,0.3825439098251306,0.5808822354196503,65
1.0,4.0,5.0,1.0,0.0,-1.3305592421623094,-0.7967261385472583,68
0.0,3.0,2.0,0.0,1.0,1.595991975816234,1.0630451663080684,73
1.0,2.0,4.0,1.0,1.0,-2.1871108181560293,-2.174334512514167,53
0.0,1.0,0.0,0.0,0.0,0.5253025058240839,0.7875234915146866,68
1.0,0.0,5.0,0.0,1.0,-1.6874557321596928,-1.7610520003240944,55
0.0,2.0,4.0,1.0,0.0,1.381854081817804,1.7518493532915227,87
1.0,3.0,5.0,1.0,1.0,-1.616076434160216,-1.692171581625749,55
0.0,4.0,4.0,0.0,1.0,-0.8309041561659728,-0.7967261385472583,53
1.0,2.0,3.0,1.0,1.0,-0.9022834541654494,-0.6589653011505674,67
1.0,2.0,0.0,1.0,1.0,0.6680611018230372,1.0630451663080684,92
0.0,1.0,4.0,0.0,0.0,-0.25986977217015944,0.3053605606262686,53
1.0,3.0,0.0,1.0,1.0,0.09702671782722391,0.3053605606262686,81
1.0,2.0,2.0,0.0,1.0,-0.6881455601670194,-0.9344869759439491,61
1.0,3.0,1.0,1.0,1.0,0.23978531382617724,0.23648014192792316,80
0.0,0.0,0.0,0.0,1.0,-0.9022834541654494,-0.8656065572456038,37
0.0,2.0,2.0,1.0,1.0,1.0249575918204206,0.9252843289113775,81
0.0,2.0,0.0,1.0,0.0,0.23978531382617724,0.23648014192792316,59
1.0,1.0,4.0,0.0,1.0,-1.0450420501644027,-1.4855303255307126,55
1.0,3.0,0.0,1.0,1.0,0.6680611018230372,0.37424097932461403,72
1.0,3.0,2.0,1.0,1.0,0.3825439098251306,0.16759972322957775,69
1.0,2.0,4.0,1.0,1.0,-0.40262836816911274,-0.039041532865458556,69
0.0,2.0,1.0,0.0,1.0,-0.6881455601670194,-0.6589653011505674,50
1.0,1.0,4.0,1.0,0.0,1.0249575918204206,1.2008060037047592,87
1.0,3.0,5.0,1.0,0.0,-0.04573187817172942,-0.039041532865458556,71
1.0,4.0,4.0,1.0,1.0,0.1684060158267006,-0.24568278896049484,68
1.0,2.0,3.0,0.0,0.0,0.5253025058240839,0.44312139802295947,79
0.0,2.0,5.0,1.0,0.0,1.4532333798172805,1.1319255850064138,77
1.0,2.0,0.0,0.0,1.0,-1.0450420501644027,-1.0722478133406401,58
0.0,4.0,0.0,1.0,1.0,1.810129869814664,1.6140885158948317,84
1.0,3.0,4.0,1.0,1.0,-0.8309041561659728,-1.1411282320389855,55
1.0,4.0,1.0,0.0,0.0,-0.11711117617120609,0.23648014192792316,70
0.0,3.0,4.0,0.0,0.0,-0.7595248581664961,-0.24568278896049484,52
1.0,1.0,4.0,1.0,0.0,0.5253025058240839,0.5808822354196503,69
0.0,2.0,2.0,0.0,1.0,0.1684060158267006,-0.31456320765884027,53
0.0,3.0,5.0,1.0,1.0,-0.8309041561659728,-1.0033673946422945,48
1.0,3.0,5.0,1.0,0.0,0.8108196978219906,1.2008060037047592,78
0.0,1.0,2.0,1.0,1.0,-0.5453869641680661,-0.3834436263571857,62
1.0,3.0,4.0,1.0,1.0,-0.4740076661685894,-0.6589653011505674,60
0.0,1.0,2.0,1.0,1.0,0.1684060158267006,0.23648014192792316,74
0.0,2.0,2.0,1.0,0.0,0.3825439098251306,0.5808822354196503,58
1.0,1.0,2.0,1.0,0.0,-0.5453869641680661,-0.590084882452222,76
0.0,3.0,5.0,1.0,1.0,0.09702671782722391,0.44312139802295947,68
1.0,0.0,4.0,0.0,1.0,-0.6881455601670194,-0.7967261385472583,58
1.0,1.0,2.0,1.0,1.0,-1.5446971361607393,-1.3477694881340216,52
1.0,3.0,1.0,1.0,1.0,0.23978531382617724,0.37424097932461403,75
0.0,1.0,5.0,0.0,0.0,-0.18849047417068274,0.23648014192792316,52
0.0,2.0,1.0,0.0,1.0,0.5966818038235606,0.7186430728163412,62
1.0,1.0,4.0,1.0,1.0,-0.33124907016963606,-0.590084882452222,66
0.0,1.0,5.0,0.0,1.0,-0.8309041561659728,-0.9344869759439491,49
0.0,1.0,2.0,1.0,1.0,0.1684060158267006,0.09871930453123232,66
0.0,2.0,4.0,0.0,1.0,-1.830214328158646,-1.7610520003240944,35
0.0,0.0,4.0,1.0,0.0,0.6680611018230372,0.9252843289113775,72
1.0,4.0,0.0,1.0,0.0,1.0963368898198973,0.9252843289113775,94
0.0,3.0,0.0,0.0,1.0,-0.973662752164926,-0.7967261385472583,46
0.0,1.0,3.0,1.0,1.0,1.4532333798172805,1.0630451663080684,77
0.0,1.0,2.0,0.0,0.0,1.0963368898198973,0.9252843289113775,76
0.0,2.0,0.0,1.0,0.0,-0.7595248581664961,-0.45232404505553114,52
1.0,2.0,1.0,1.0,0.0,0.8108196978219906,0.7186430728163412,91
0.0,1.0,5.0,1.0,0.0,-1.3305592421623094,-1.692171581625749,32
0.0,4.0,5.0,0.0,1.0,0.6680611018230372,0.5808822354196503,72
1.0,2.0,0.0,0.0,1.0,-0.33124907016963606,-0.5212044637538765,68
0.0,2.0,3.0,0.0,1.0,-0.33124907016963606,-0.5212044637538765,52
0.0,1.0,2.0,1.0,1.0,-0.5453869641680661,-0.590084882452222,48
0.0,3.0,4.0,0.0,1.0,-0.25986977217015944,0.09871930453123232,60
1.0,3.0,2.0,0.0,1.0,0.3111646118256539,0.02983888583288688,66
1.0,4.0,5.0,1.0,0.0,1.0249575918204206,0.5808822354196503,89
0.0,1.0,2.0,1.0,1.0,-1.2591799441628326,-1.2100086507373309,42
0.0,4.0,0.0,0.0,0.0,-0.11711117617120609,0.3053605606262686,57
1.0,3.0,2.0,1.0,1.0,0.025647419827747247,0.09871930453123232,70
0.0,4.0,0.0,0.0,1.0,1.0249575918204206,0.8564039102130321,70
1.0,4.0,4.0,1.0,1.0,-0.6881455601670194,-1.0033673946422945,69
0.0,2.0,0.0,1.0,1.0,-1.0450420501644027,-0.7967261385472583,52
1.0,2.0,5.0,1.0,0.0,0.23978531382617724,-0.039041532865458556,67
1.0,2.0,5.0,1.0,0.0,0.7394403998225139,0.3053605606262686,76
0.0,4.0,0.0,1.0,1.0,1.7387505718151872,1.820729771989868,87
0.0,1.0,4.0,1.0,1.0,1.0963368898198973,1.2696864224031046,82
0.0,2.0,4.0,1.0,1.0,0.45392320782460727,0.6497626541179957,73
1.0,0.0,4.0,0.0,1.0,0.8108196978219906,0.37424097932461403,75
0.0,3.0,4.0,0.0,1.0,0.3111646118256539,0.44312139802295947,64
0.0,4.0,2.0,0.0,1.0,-1.7588350301591693,-1.9676932564191307,41
1.0,2.0,2.0,1.0,1.0,0.3825439098251306,0.02983888583288688,90
1.0,1.0,1.0,1.0,1.0,-1.1164213481638794,-1.2100086507373309,59
1.0,0.0,5.0,1.0,1.0,-2.7581452021518427,-2.2432149312125125,51
1.0,0.0,2.0,0.0,1.0,-1.616076434160216,-1.3477694881340216,45
0.0,2.0,3.0,1.0,0.0,-0.40262836816911274,-0.10792195156380398,54
1.0,4.0,5.0,1.0,0.0,1.0249575918204206,0.5120018167213048,87
0.0,2.0,2.0,1.0,1.0,0.7394403998225139,0.994164747609723,72
1.0,1.0,5.0,1.0,0.0,1.1677161878193738,1.2696864224031046,94
0.0,0.0,1.0,1.0,1.0,-0.7595248581664961,-0.31456320765884027,45
1.0,3.0,1.0,0.0,0.0,0.025647419827747247,0.5120018167213048,61
0.0,1.0,2.0,0.0,1.0,0.1684060158267006,-0.039041532865458556,60
0.0,2.0,5.0,1.0,1.0,1.5246126778167572,1.3385668411014502,77
0.0,0.0,5.0,1.0,0.0,1.4532333798172805,1.6140885158948317,85
0.0,3.0,1.0,0.0,1.0,1.4532333798172805,1.6829689345931773,78
1.0,4.0,4.0,0.0,0.0,-1.2591799441628326,-1.2100086507373309,49
0.0,1.0,2.0,0.0,1.0,1.2390954858188505,0.9252843289113775,71
0.0,2.0,5.0,0.0,1.0,-0.8309041561659728,-1.1411282320389855,48
1.0,2.0,2.0,1.0,1.0,-0.18849047417068274,-0.7278457198489129,62
0.0,2.0,0.0,0.0,0.0,-0.11711117617120609,0.09871930453123232,56
0.0,2.0,5.0,1.0,1.0,-0.04573187817172942,0.5120018167213048,65
0.0,3.0,5.0,0.0,0.0,1.1677161878193738,0.8564039102130321,69
1.0,1.0,5.0,1.0,1.0,-1.1164213481638794,-1.0722478133406401,68
0.0,0.0,4.0,0.0,1.0,-0.6881455601670194,-0.7967261385472583,61
0.0,2.0,1.0,0.0,0.0,1.1677161878193738,1.4074472597997956,74
1.0,0.0,1.0,1.0,1.0,-0.6881455601670194,-0.7278457198489129,64
0.0,1.0,2.0,1.0,0.0,0.8821989958214672,1.4074472597997956,77
1.0,1.0,4.0,1.0,1.0,-1.401938540161786,-1.6232911629274034,58
0.0,2.0,2.0,1.0,0.0,-0.40262836816911274,0.37424097932461403,60
1.0,4.0,2.0,1.0,1.0,-0.40262836816911274,-0.7967261385472583,73
0.0,0.0,2.0,1.0,0.0,0.8821989958214672,0.7186430728163412,75
1.0,1.0,0.0,0.0,0.0,-0.9022834541654494,-1.0722478133406401,58
0.0,2.0,0.0,1.0,1.0,0.5253025058240839,0.3053605606262686,66
0.0,3.0,2.0,0.0,1.0,-1.2591799441628326,-1.554410744229058,39
1.0,2.0,5.0,1.0,1.0,-0.8309041561659728,-1.2100086507373309,64
1.0,1.0,4.0,0.0,0.0,0.5253025058240839,0.5120018167213048,74
0.0,3.0,5.0,0.0,0.0,-0.33124907016963606,-0.31456320765884027,40
1.0,4.0,3.0,1.0,1.0,1.0963368898198973,1.0630451663080684,90
1.0,2.0,3.0,1.0,0.0,1.0963368898198973,1.1319255850064138,91
1.0,3.0,2.0,1.0,1.0,-1.1164213481638794,-1.2788890694356763,64
0.0,2.0,2.0,1.0,1.0,0.1684060158267006,-0.039041532865458556,59
1.0,3.0,0.0,1.0,1.0,0.3825439098251306,0.02983888583288688,80
1.0,2.0,3.0,1.0,1.0,-0.18849047417068274,-0.10792195156380398,71
0.0,0.0,2.0,1.0,1.0,-0.11711117617120609,-0.3834436263571857,61
0.0,4.0,4.0,1.0,1.0,1.0963368898198973,1.6829689345931773,87
1.0,4.0,5.0,1.0,1.0,-0.18849047417068274,-0.5212044637538765,82
1.0,2.0,5.0,1.0,1.0,-0.40262836816911274,-0.9344869759439491,62
0.0,1.0,1.0,1.0,1.0,1.9528884658136172,1.8896101906882135,97
1.0,1.0,4.0,0.0,1.0,-0.11711117617120609,-0.24568278896049484,75
0.0,2.0,1.0,1.0,1.0,0.6680611018230372,0.8564039102130321,65
1.0,1.0,2.0,1.0,0.0,-1.4733178381612628,-1.554410744229058,52
1.0,2.0,0.0,0.0,1.0,0.23978531382617724,0.23648014192792316,87
0.0,2.0,0.0,1.0,1.0,-0.5453869641680661,-1.0722478133406401,53
0.0,4.0,3.0,0.0,1.0,1.1677161878193738,1.2696864224031046,81
1.0,3.0,1.0,0.0,0.0,-1.9729729241575993,-2.1054540938158217,39
0.0,2.0,4.0,1.0,0.0,0.09702671782722391,0.7875234915146866,71
1.0,2.0,0.0,1.0,1.0,1.6673712738157105,1.5452080971964863,97
1.0,3.0,4.0,1.0,0.0,0.8821989958214672,1.3385668411014502,82
1.0,2.0,2.0,0.0,1.0,-1.1878006461633561,-1.1411282320389855,59
1.0,1.0,0.0,1.0,1.0,-1.9729729241575993,-1.8988128377207851,61
1.0,4.0,0.0,0.0,0.0,0.3111646118256539,0.23648014192792316,78
1.0,2.0,0.0,0.0,1.0,-1.3305592421623094,-1.2100086507373309,49
1.0,1.0,2.0,1.0,1.0,-0.8309041561659728,-1.4855303255307126,59
0.0,2.0,4.0,1.0,0.0,0.1684060158267006,0.5120018167213048,70
1.0,1.0,0.0,1.0,0.0,1.0249575918204206,0.6497626541179957,82
1.0,4.0,0.0,0.0,1.0,1.4532333798172805,0.9252843289113775,90
0.0,2.0,1.0,0.0,1.0,-0.5453869641680661,-0.5212044637538765,43
1.0,2.0,4.0,0.0,1.0,-0.40262836816911274,-0.17680237026214943,80
1.0,3.0,4.0,1.0,1.0,0.8821989958214672,1.0630451663080684,81
1.0,2.0,5.0,1.0,1.0,-0.6167662621675427,-1.0033673946422945,57
0.0,3.0,5.0,1.0,1.0,0.1684060158267006,0.7875234915146866,59
0.0,3.0,0.0,1.0,1.0,0.45392320782460727,0.37424097932461403,64
1.0,2.0,1.0,1.0,0.0,-0.40262836816911274,-0.17680237026214943,63
0.0,4.0,1.0,1.0,0.0,0.025647419827747247,0.09871930453123232,71
0.0,1.0,2.0,0.0,1.0,0.23978531382617724,0.16759972322957775,64
1.0,3.0,1.0,0.0,1.0,-1.6874557321596928,-1.692171581625749,55
0.0,4.0,0.0,1.0,1.0,-1.3305592421623094,-1.0033673946422945,51
0.0,2.0,0.0,1.0,0.0,0.45392320782460727,0.7875234915146866,62
0.0,4.0,0.0,1.0,0.0,2.167026359812047,1.820729771989868,93
1.0,2.0,2.0,0.0,1.0,0.1684060158267006,-0.6589653011505674,54
0.0,3.0,4.0,0.0,1.0,-0.33124907016963606,0.37424097932461403,69
1.0,3.0,2.0,0.0,1.0,-1.3305592421623094,-1.4166499068323672,44
0.0,4.0,4.0,1.0,0.0,1.0963368898198973,1.5452080971964863,86
0.0,4.0,0.0,1.0,1.0,1.595991975816234,1.1319255850064138,85
0.0,0.0,3.0,0.0,1.0,-0.18849047417068274,0.3053605606262686,50
1.0,3.0,5.0,1.0,0.0,0.3111646118256539,0.44312139802295947,88
0.0,4.0,0.0,1.0,1.0,-0.5453869641680661,0.02983888583288688,59
0.0,4.0,5.0,0.0,1.0,-2.5440073081534127,-2.1054540938158217,32
1.0,1.0,2.0,0.0,1.0,-2.900903798150796,-2.8631386994976213,36
0.0,1.0,5.0,0.0,0.0,0.5966818038235606,0.7186430728163412,63
1.0,3.0,0.0,1.0,0.0,-1.1164213481638794,-0.3834436263571857,67
0.0,3.0,5.0,1.0,0.0,0.5966818038235606,0.9252843289113775,65
1.0,3.0,3.0,1.0,1.0,1.0249575918204206,1.4074472597997956,85
0.0,2.0,3.0,1.0,1.0,0.5966818038235606,0.37424097932461403,73
0.0,0.0,2.0,0.0,0.0,-1.5446971361607393,-1.8988128377207851,34
0.0,3.0,1.0,0.0,0.0,2.167026359812047,2.1651318654815954,93
0.0,3.0,5.0,0.0,1.0,1.0249575918204206,1.0630451663080684,67
1.0,3.0,4.0,1.0,1.0,0.5253025058240839,0.5808822354196503,88
1.0,1.0,2.0,1.0,1.0,-1.5446971361607393,-1.2100086507373309,57
0.0,3.0,4.0,1.0,0.0,1.0249575918204206,1.5452080971964863,79
0.0,2.0,1.0,0.0,1.0,0.3825439098251306,0.23648014192792316,67
1.0,4.0,1.0,1.0,0.0,-0.40262836816911274,0.09871930453123232,70
1.0,3.0,1.0,0.0,1.0,-1.9729729241575993,-1.4166499068323672,50
0.0,0.0,4.0,1.0,1.0,1.0249575918204206,0.9252843289113775,69
0.0,2.0,1.0,1.0,0.0,-0.6167662621675427,-0.17680237026214943,52
0.0,2.0,1.0,0.0,0.0,-0.5453869641680661,-0.17680237026214943,47
0.0,1.0,0.0,0.0,1.0,-0.6167662621675427,-0.9344869759439491,46
0.0,4.0,4.0,1.0,1.0,0.025647419827747247,-0.17680237026214943,68
1.0,4.0,1.0,1.0,0.0,2.167026359812047,2.1651318654815954,100
0.0,2.0,2.0,1.0,1.0,-0.6167662621675427,-1.1411282320389855,44
0.0,2.0,0.0,1.0,0.0,0.5253025058240839,0.7875234915146866,57
1.0,1.0,4.0,1.0,0.0,1.8815091678141405,1.5452080971964863,91
1.0,3.0,2.0,0.0,1.0,0.025647419827747247,-0.10792195156380398,69
0.0,2.0,2.0,0.0,1.0,-1.1878006461633561,-1.554410744229058,35
1.0,3.0,2.0,1.0,1.0,-0.25986977217015944,-0.17680237026214943,72
0.0,1.0,0.0,0.0,1.0,-0.33124907016963606,-0.24568278896049484,54
1.0,3.0,2.0,0.0,1.0,0.025647419827747247,0.02983888583288688,74
1.0,4.0,5.0,1.0,0.0,-0.40262836816911274,-0.590084882452222,74
1.0,4.0,0.0,0.0,1.0,-0.973662752164926,-1.1411282320389855,64
0.0,3.0,2.0,0.0,0.0,-0.6167662621675427,0.16759972322957775,65
1.0,4.0,0.0,0.0,0.0,-1.9015936261581228,-1.692171581625749,46
0.0,2.0,5.0,0.0,1.0,-0.973662752164926,-1.2100086507373309,48
1.0,2.0,4.0,0.0,0.0,0.3111646118256539,0.09871930453123232,67
1.0,3.0,4.0,0.0,1.0,-0.9022834541654494,-0.45232404505553114,62
1.0,3.0,0.0,0.0,0.0,0.09702671782722391,0.3053605606262686,61
1.0,2.0,1.0,0.0,0.0,0.3825439098251306,0.37424097932461403,70
1.0,2.0,0.0,1.0,0.0,1.2390954858188505,1.476327678498141,98
1.0,3.0,4.0,0.0,1.0,-0.4740076661685894,-0.7278457198489129,70
1.0,0.0,0.0,1.0,1.0,-0.9022834541654494,-1.0722478133406401,67
0.0,4.0,2.0,0.0,1.0,-0.8309041561659728,-0.7967261385472583,57
1.0,3.0,4.0,1.0,0.0,0.8108196978219906,1.1319255850064138,85
1.0,3.0,5.0,1.0,0.0,-0.11711117617120609,0.02983888583288688,77
1.0,2.0,3.0,0.0,0.0,-0.25986977217015944,0.23648014192792316,72
0.0,3.0,3.0,1.0,1.0,1.5246126778167572,1.8896101906882135,78
1.0,2.0,2.0,1.0,1.0,-0.25986977217015944,-0.31456320765884027,81
1.0,0.0,5.0,0.0,0.0,-0.5453869641680661,-0.5212044637538765,61
0.0,1.0,2.0,1.0,1.0,-0.11711117617120609,-0.5212044637538765,58
0.0,2.0,0.0,1.0,1.0,-0.6167662621675427,-0.7278457198489129,54
1.0,1.0,2.0,1.0,1.0,0.8821989958214672,0.7875234915146866,82
0.0,3.0,4.0,0.0,1.0,-0.8309041561659728,-0.590084882452222,49
1.0,1.0,5.0,0.0,0.0,-1.401938540161786,-1.1411282320389855,49
0.0,4.0,2.0,0.0,0.0,0.3825439098251306,0.3053605606262686,57
1.0,4.0,2.0,1.0,1.0,0.23978531382617724,0.16759972322957775,94
0.0,3.0,4.0,1.0,0.0,0.5253025058240839,0.994164747609723,75
0.0,4.0,5.0,0.0,1.0,0.3111646118256539,0.23648014192792316,74
1.0,2.0,2.0,1.0,0.0,-1.2591799441628326,-1.0033673946422945,58
0.0,2.0,4.0,1.0,1.0,-0.04573187817172942,0.02983888583288688,62
1.0,4.0,0.0,1.0,1.0,-0.9022834541654494,-0.45232404505553114,72
1.0,2.0,4.0,1.0,1.0,1.2390954858188505,0.8564039102130321,84
0.0,3.0,3.0,1.0,1.0,2.167026359812047,2.1651318654815954,92
0.0,3.0,2.0,1.0,1.0,-0.4740076661685894,-0.6589653011505674,45
1.0,2.0,2.0,1.0,1.0,0.8108196978219906,0.16759972322957775,75
0.0,0.0,4.0,1.0,1.0,-0.8309041561659728,-0.31456320765884027,56
0.0,3.0,5.0,0.0,1.0,-1.1164213481638794,-1.0722478133406401,48
0.0,4.0,0.0,1.0,1.0,2.167026359812047,2.1651318654815954,100
0.0,2.0,5.0,0.0,0.0,0.45392320782460727,0.44312139802295947,65
1.0,3.0,4.0,1.0,1.0,-0.9022834541654494,-0.7278457198489129,72
0.0,3.0,4.0,1.0,1.0,0.025647419827747247,0.23648014192792316,62
1.0,0.0,5.0,1.0,0.0,-0.11711117617120609,-0.31456320765884027,66
1.0,2.0,4.0,1.0,1.0,-0.4740076661685894,-0.590084882452222,63
0.0,4.0,0.0,1.0,1.0,0.45392320782460727,-0.10792195156380398,68
0.0,1.0,1.0,1.0,1.0,1.0249575918204206,0.7875234915146866,75
0.0,3.0,1.0,1.0,1.0,2.167026359812047,2.1651318654815954,89
1.0,2.0,5.0,1.0,0.0,0.1684060158267006,0.02983888583288688,78
0.0,0.0,2.0,0.0,0.0,-1.401938540161786,-0.590084882452222,53
0.0,3.0,4.0,0.0,1.0,-0.33124907016963606,-0.5212044637538765,49
0.0,0.0,4.0,1.0,1.0,-0.4740076661685894,-0.10792195156380398,54
0.0,2.0,4.0,1.0,0.0,0.8821989958214672,0.5808822354196503,64
1.0,1.0,4.0,0.0,0.0,-0.5453869641680661,-0.590084882452222,60
1.0,2.0,0.0,1.0,1.0,-0.33124907016963606,-0.7278457198489129,62
1.0,3.0,2.0,1.0,0.0,-2.0443522221570762,-1.4166499068323672,55
0.0,2.0,0.0,1.0,1.0,1.810129869814664,1.7518493532915227,91
1.0,3.0,5.0,1.0,1.0,0.5966818038235606,0.6497626541179957,81
1.0,1.0,5.0,1.0,0.0,1.0963368898198973,1.2008060037047592,79
0.0,0.0,4.0,1.0,0.0,1.2390954858188505,1.5452080971964863,78
0.0,2.0,5.0,1.0,1.0,0.3825439098251306,0.9252843289113775,74
1.0,0.0,2.0,1.0,1.0,-1.3305592421623094,-1.0033673946422945,57
0.0,2.0,0.0,1.0,1.0,-0.7595248581664961,-1.2100086507373309,40
1.0,4.0,5.0,1.0,0.0,0.3825439098251306,0.5120018167213048,81
0.0,0.0,5.0,0.0,1.0,-1.7588350301591693,-1.6232911629274034,44
0.0,3.0,4.0,0.0,0.0,1.1677161878193738,0.994164747609723,67
1.0,4.0,2.0,0.0,0.0,0.8108196978219906,0.44312139802295947,86
0.0,1.0,5.0,1.0,0.0,0.8821989958214672,0.6497626541179957,65
0.0,3.0,0.0,0.0,1.0,0.45392320782460727,0.5120018167213048,55
0.0,3.0,1.0,0.0,1.0,0.1684060158267006,0.37424097932461403,62
1.0,0.0,2.0,1.0,1.0,-0.4740076661685894,-0.45232404505553114,63
0.0,4.0,3.0,1.0,0.0,2.0956470618125707,1.820729771989868,88
1.0,2.0,2.0,0.0,1.0,-1.0450420501644027,-0.9344869759439491,62
0.0,2.0,2.0,0.0,0.0,0.09702671782722391,-0.24568278896049484,59
0.0,3.0,4.0,1.0,0.0,0.5966818038235606,0.5808822354196503,68
0.0,3.0,4.0,0.0,1.0,1.1677161878193738,1.2008060037047592,77
